Ч|а|с|т|о|т|а| |п|р|и|л|а|г|а|т|е|л|ь|н|ы|х
весь|['социальный', 'инклюзивный', 'новый', 'комплексный', 'мой', 'первый', 'каждый', 'один', 'равный', 'городской', 'родный', 'безопасный', 'многодетный', 'финансовый', 'нужный', 'силовой', 'артезианский', 'одинаковый']
неотложный|['социальнобытовый']
инклюзивный|['социальный', 'детский', 'молодёжный', 'семейный', 'образовательный', 'спортивный', 'творческий', 'ресурсный', 'экологический', 'интерактивный', 'народный', 'культурный', 'театральный', 'благотворительный', 'музыкальный', 'трудовой', 'волонтёрский', 'художественный', 'выездной', 'профориентационный', 'музейный', 'детскоюношеский', 'многофункциональный', 'швейный', 'ремесленный', 'танцевальный', 'подростковый', 'гончарный', 'коммуникативный', 'краевой', 'социальнообразовательный', 'фольклорный', 'хоккейный', 'хоровой', 'декоративноприкладный', 'культурнодосуговый', 'башкирский', 'ландшафтный', 'янтарный', 'компетентный', 'керамический', 'частный', 'модельный', 'сувенирный', 'интегративный', 'экологокраеведческий', 'экологотуристический', 'образовый', 'сервисный', 'художественнообразовательный', 'пластилиновый', 'хореографический', 'кинотеатральный', 'коннодраматический', 'эксклюзивный', 'коннооздоровительный', 'коннотуристический']
антикризисный|['социальный', 'семейный', 'ресурсный', 'консультационный']
сложный|['жизненный', 'простой', 'эпидемиологический', 'нерешённый']
индивидуальный|['социальный', 'комплексный', 'образовательный', 'спортивный', 'физический', 'коррекционный']
социальный|['инклюзивный', 'семейный', 'образовательный', 'экологический', 'психологический', 'профессиональный', 'правовой', 'мобильный', 'культурный', 'физический', 'трудовой', 'гуманитарный', 'медицинский', 'юридический', 'документальный', 'кризисный', 'духовный', 'дневный', 'психологопедагогический', 'швейный', 'консультационный', 'дорожный', 'профилактический', 'предпринимательский', 'антикризисный', 'личный', 'экономический', 'познавательный', 'бытовой', 'адаптационный', 'ветеринарный', 'транспортный', 'медиакультурный', 'консультационнодрессировочный', 'аудиологический', 'аргентинский']
консультативный|['мобильный', 'юридический']
психологический|['социальный', 'творческий', 'правовой', 'паллиативный', 'физический', 'волонтёрский', 'информационный', 'юридический', 'духовный', 'дистанционный', 'духовнонравственный', 'консультативный', 'материальный', 'ремесленнотворческий', 'доабортный']
бесплатный|['спортивный', 'правовой', 'юридический', 'адресный', 'горячий', 'еженедельный', 'последующий']
донецкий|['народный', 'луганский']
луганский|['народный', 'республиканский']
комплексный|['социальный', 'инклюзивный', 'международный', 'образовательный', 'спортивный', 'ресурсный', 'общественный', 'экологический', 'психологический', 'межрегиональный', 'мобильный', 'патриотический', 'паллиативный', 'физический', 'ранний', 'медицинский', 'юридический', 'домашний', 'социокультурный', 'реабилитационный', 'психологопедагогический', 'дистанционный', 'краеведческий', 'креативный', 'системный', 'адресный', 'медикосоциальный', 'историкопатриотический', 'качественный', 'социальноправовой', 'социальнореабилитационный', 'гуманный', 'социальнобытовый', 'психофизический', 'спортивнопатриотический', 'психологосоциальный', 'культурнодосуговый', 'научнообразовательный', 'систематический', 'социальнопатриотический', 'межсекторный', 'социальнопсихологопедагогический', 'групповой', 'подводный', 'воспитательнообразовательный', 'информационноконсультативный', 'социальнополезный', 'коррекционнопедагогический', 'преемственный', 'медикореабилитационный', 'реабилитационнопедагогический', 'эмоциональнопсихологический']
физический|['социальный', 'ментальный', 'психологический', 'социокультурный', 'психический']
другой|['ограниченный', 'ментальный', 'тяжёлый', 'практический', 'нужный', 'двигательный', 'костный', 'стратегический', 'понятный']
добрый|['семейный', 'сельский', 'каждый', 'швейный', 'гончарный', 'ценный']
правовой|['социальный', 'культурный', 'юридический', 'финансовый', 'материальный', 'диагностический', 'просвещённый', 'антиэкстремистский']
единый|['образовательный', 'городской', 'цифровой', 'студенческий', 'литературный', 'федеральный', 'многофункциональный', 'этнокультурный', 'непобедимый', 'межведомственный']
экстренный|['социальный', 'психологический', 'ультразвуковой', 'круглосуточный']
глухой|['слабослышащий']
международный|['инклюзивный', 'детский', 'молодёжный', 'семейный', 'образовательный', 'творческий', 'ресурсный', 'открытый', 'общественный', 'экологический', 'исторический', 'культурный', 'театральный', 'летний', 'патриотический', 'благотворительный', 'музыкальный', 'большой', 'волонтёрский', 'информационный', 'просветительский', 'студенческий', 'православный', 'литературный', 'научный', 'военный', 'дистанционный', 'московский', 'детскоюношеский', 'инженерный', 'телевизионный', 'танцевальный', 'электронный', 'мультимедийный', 'историкокультурный', 'информационнопросветительский', 'научнотехнический', 'научнопрактический', 'археологический', 'историкопросветительский', 'этнический', 'джазовый', 'культурнодосуговый', 'научнообразовательный', 'экспертный', 'мультикультурный', 'уфимский', 'российскоказахстанский', 'фестивальный', 'общественнокультурный', 'кавказский', 'кинематографический', 'научноэкспертный', 'тихвинский', 'миротворческий', 'транссибирский', 'экологоэтнический', 'музыкальнопатриотический', 'общественнопатриотический', 'лихачевский', 'научнодипломатический']
трудный|['жизненный']
казачий|['ресурсный', 'военнопатриотический', 'культурнопросветительский', 'детскоюношеский', 'культурноисторический', 'юношеский', 'кадетский', 'героический', 'детскомолодёжный', 'туристскообразовательный', 'обрядовый', 'бойцовский', 'коммунарский']
добровольческий|['социальный', 'ресурсный', 'экологический', 'волонтёрский', 'тот', 'патронажный', 'независимый', 'спасательный', 'поисковоспасательный']
российский|['национальный', 'волонтёрский', 'креативный', 'дальний', 'красный', 'культурноисторический', 'математический', 'еврейский', 'зарубежный', 'клубный', 'донорский', 'археологоэтнографический', 'германский']
широкий|['общественный', 'казачий']
социальнопсихологический|['трудовой', 'юридический', 'медицинский']
неизлечимый|['тяжёлый', 'онкологический', 'больной']
специальный|['профессиональный', 'образовательновыставочный', 'конкурснообразовательный']
гуманитарный|['социальный', 'просветительский', 'добровольческий', 'продовольственный']
низкий|['стартовый']
новый|['социальный', 'детский', 'образовательный', 'спортивный', 'региональный', 'профессиональный', 'городской', 'гражданский', 'сибирский', 'музейный', 'туристический', 'коронавирусный', 'уникальный', 'старый', 'дворовый', 'лечебный', 'психосоциальный', 'петровский', 'еженедельный', 'европейский', 'посткризисный', 'томышевый', 'патерновый', 'поколениесибирский', 'концертногий']
тяжёлый|['жизненный', 'финансовый', 'больной', 'множественный', 'двигательный', 'неизлечимый', 'речевой', 'хронический', 'психоречевой']
креативный|['семейный', 'общественный', 'театральный', 'инновационный', 'рекреационный']
высокотехнологичный|[]
республиканский|['детский', 'молодёжный', 'волонтёрский', 'технический', 'музейный', 'зимний']
каждый|['новый', 'особый', 'правовой', 'свой', 'особенный', 'нужный', 'важный', 'социальнопедагогический', 'способный', 'диджитал']
молодёжный|['социальный', 'инклюзивный', 'образовательный', 'творческий', 'ресурсный', 'открытый', 'общественный', 'экологический', 'театральный', 'патриотический', 'музыкальный', 'трудовой', 'волонтёрский', 'казачий', 'некоммерческий', 'военнопатриотический', 'инновационный', 'литературный', 'художественный', 'проектный', 'научный', 'туристический', 'военноисторический', 'креативный', 'этнокультурный', 'водный', 'туристский', 'исследовательский', 'архитектурный', 'историкопатриотический', 'евразийский', 'морской', 'предпринимательский', 'научнопрактический', 'этнографический', 'социальнообразовательный', 'районный', 'инициативный', 'хоровой', 'парусный', 'научноисследовательский', 'вокальный', 'палаточный', 'киберспортивный', 'симфонический', 'пожарноспасательный', 'писательский', 'этноконфессиональный', 'антифашистский', 'интегральный', 'информационнопознавательный', 'школамастерский', 'театральнообразовательный', 'философский', 'экранный', 'эковолонтёрский', 'познавательноархеологический', 'оркестровый', 'историкофилологический']
благоприятный|['окружающий']
мобильный|['социальный', 'детский', 'образовательный', 'творческий', 'ресурсный', 'исторический', 'интерактивный', 'гуманитарный', 'юридический', 'профориентационный', 'проектный', 'научный', 'передвижной', 'сенсорный', 'мультимедийный', 'медикосоциальный', 'кукольный', 'многопрофильный', 'межрайонный', 'микрореабилитационный', 'гериатрический', 'экспозиционный']
хронический|['сердечный', 'ревматический', 'вирусный', 'кожный']
одинокий|['молодой', 'пожилой', 'престарелый']
адресный|['социальный', 'гуманитарный']
настольный|['образовательный', 'спортивный', 'образовательнокраеведческий']
выездной|['социальный', 'молодёжный', 'семейный', 'образовательный', 'школьный', 'мобильный', 'паллиативный', 'медицинский', 'научный', 'дистанционный', 'краеведческий', 'социальнообразовательный', 'учебнотренировочный', 'патронажный', 'семейноинтегративный']
военный|['спортивный', 'исторический', 'патриотический', 'историкопатриотический', 'альтернативный', 'полярный', 'авиационный']
адаптивный|['детский', 'спортивный', 'физический', 'боевой', 'игровой', 'водный', 'конный', 'сенсорный', 'двигательный', 'верховой', 'лыжный', 'кинологический']
свой|['культурный', 'матёрый']
творческий|['социальный', 'инклюзивный', 'молодёжный', 'образовательный', 'особый', 'общественный', 'патриотический', 'благотворительный', 'художественный', 'технический', 'добровольческий', 'реабилитационный', 'выходной', 'выставочный', 'интересный', 'интернетмастерский']
первичный|[]
интерактивный|['молодёжный', 'образовательный', 'общественный', 'экологический', 'школьный', 'национальный', 'просветительский', 'художественный', 'музейный', 'психологопедагогический', 'учебный', 'военноисторический', 'краеведческий', 'виртуальный', 'педагогический', 'электронный', 'мультимедийный', 'научнотехнический', 'мемориальный', 'экскурсионный', 'марийский', 'мотивационный', 'экологокраеведческий', 'библиотечный', 'медиаобразовательный', 'голосовой', 'рекреационномузейный', 'новаторский', 'патриотикокраеведческий', 'музейноэкспозиционный']
швейный|['типографский', 'трикотажный']
социальномедицинский|[]
социальнобытовый|['профессиональный', 'функциональный']
материальный|['психологический', 'информационный', 'духовный']
детский|['социальный', 'инклюзивный', 'молодёжный', 'семейный', 'образовательный', 'спортивный', 'всероссийский', 'творческий', 'сельский', 'общественный', 'экологический', 'активный', 'народный', 'городской', 'театральный', 'российский', 'патриотический', 'паллиативный', 'музыкальный', 'волонтёрский', 'информационный', 'военнопатриотический', 'инновационный', 'православный', 'технический', 'онкологический', 'добровольческий', 'научный', 'музейный', 'реабилитационный', 'туристический', 'областной', 'игровой', 'этнокультурный', 'туристский', 'футбольный', 'шахматный', 'коррекционный', 'оздоровительный', 'подростковый', 'дворовый', 'профильный', 'столярный', 'короткометражный', 'алтайский', 'спортивнооздоровительный', 'лечебный', 'донский', 'юношеский', 'кукольный', 'познавательный', 'церебральный', 'мультипликационный', 'хоккейный', 'хоровой', 'парусный', 'экскурсионный', 'епархиальный', 'клинический', 'самодеятельный', 'модельный', 'железный', 'певческий', 'сиротский', 'конноспортивный', 'песенный', 'фольклорноэтнографический', 'биатлонный', 'симфонический', 'авиамодельный', 'художественнообразовательный', 'судостроительный', 'дорожнотранспортный', 'кинообразовательный', 'просветительскотеатральный', 'бизибордовый', 'оздоровительновосстановительный', 'пленэрный', 'информационноразвлекательный', 'грушинский', 'квестэкскурсионный', 'спортивнокраеведческий']
центральный|['детский', 'федеральный', 'приволжский', 'клинический', 'духовнопатриотический', 'турслётный']
немедицинский|['паллиативный']
трудовой|['социальный', 'творческий', 'досуговый', 'хозяйственнобытовый']
образовательный|['социальный', 'инклюзивный', 'семейный', 'творческий', 'экологический', 'исторический', 'просветительский', 'научный', 'туристический', 'игровой', 'настольный', 'туристский', 'выставочный', 'экскурсионный', 'правозащитный', 'туристскокраеведческий']
партнёрский|['семейнодемографический']
православный|['детский', 'молодёжный', 'семейный', 'спортивный', 'театральный', 'многодетный', 'социокультурный', 'культурнопросветительский', 'образовательнопросветительский', 'духовнопросветительский', 'церковный', 'терапевтический', 'певческий', 'духовнопатриотический']
воронежский|['детский']
ближний|['дальний']
бывший|['восточный']
больной|['молодой', 'один', 'большой', 'сахарный', 'хронический', 'несовершенный']
традиционный|['русский', 'народный', 'культурный', 'национальный', 'музыкальный', 'просветительский', 'инновационный', 'женский', 'детскоюношеский', 'уральский', 'военноспортивный', 'воинский', 'деревянный', 'нравственный', 'ватный', 'крыловидный', 'общепоселковый']
святодимитриевский|['детский']
дикий|['северный', 'дальний']
юношеский|['спортивный', 'литературный', 'художественный', 'горный']
благотворительный|['спортивный', 'общественный', 'межрегиональный', 'художественный', 'швейный', 'вещевой', 'офицерский', 'драматерапевтический', 'продовольственный', 'операционный', 'трапезная', 'консультативнореабилитационный']
лишённый|[]
патриарший|[]
общественный|['ресурсный', 'сельский', 'экологический', 'исторический', 'патриотический', 'приёмный', 'музейный', 'поисковый', 'туристский', 'жилищный', 'наблюдательный', 'физкультурный', 'охотничий']
твёрдый|['коммунальный']
межрегиональный|['инклюзивный', 'комплексный', 'международный', 'молодёжный', 'образовательный', 'творческий', 'ресурсный', 'открытый', 'экологический', 'летний', 'патриотический', 'гуманитарный', 'казачий', 'медицинский', 'литературный', 'художественный', 'социокультурный', 'профориентационный', 'военноисторический', 'краеведческий', 'этнокультурный', 'поисковый', 'телевизионный', 'оздоровительный', 'военноспортивный', 'духовнопросветительский', 'химический', 'историкокраеведческий', 'джазовый', 'научнообразовательный', 'многопрофильный', 'волейбольный', 'информационноконсультационный', 'историкопоисковый', 'поисковоисследовательский', 'гуманитарнопросветительский', 'патриотическопросветительский', 'спортивнотворческий', 'историкоисследовательский', 'поисковомемориальный']
детскоюношеский|['инклюзивный', 'молодёжный', 'творческий', 'театральный', 'летний', 'патриотический', 'национальный', 'казачий', 'военноспортивный', 'любительский', 'легкоатлетический', 'александроневский']
технический|['гуманитарный']
всероссийский|['социальный', 'инклюзивный', 'детский', 'молодёжный', 'семейный', 'образовательный', 'творческий', 'открытый', 'общественный', 'экологический', 'правовой', 'исторический', 'школьный', 'театральный', 'летний', 'патриотический', 'благотворительный', 'музыкальный', 'студенческий', 'интеллектуальный', 'литературный', 'добровольческий', 'детскоюношеский', 'педагогический', 'телевизионный', 'специальный', 'танцевальный', 'футбольный', 'информационнопросветительский', 'научнопросветительский', 'этнографический', 'научнопопулярный', 'историкопросветительский', 'фольклорный', 'духовнопросветительский', 'естественнонаучный', 'скаутский', 'общественнокультурный', 'фольклорноэтнографический', 'поместный', 'культурноблаготворительный', 'литературнопросветительский', 'физикотехнический', 'информационнопоисковый']
региональный|['социальный', 'детский', 'молодёжный', 'образовательный', 'спортивный', 'ресурсный', 'открытый', 'общественный', 'экологический', 'правовой', 'студенческий', 'военнопатриотический', 'межнациональный', 'выездной', 'добровольческий', 'профориентационный', 'родительский', 'учебный', 'военноисторический', 'детскоюношеский', 'ремесленный', 'технологический', 'шахматный', 'футбольный', 'книжный', 'профильный', 'районный', 'вокальный', 'географический', 'робототехнический', 'спортивнотуристический', 'спортивнообразовательный', 'печатный', 'транспортноэнергетический']
великий|['русский', 'отечественный', 'северный', 'архивный', 'благоверный', 'могучий']
рязанский|[]
добровольный|['народный', 'лесной', 'пожарный', 'индивидуальный']
лесной|['пожарный', 'ландшафтный']
сельский|['детский', 'спортивный', 'общественный', 'приёмный', 'финансовый', 'краеведческий', 'пожарный', 'этнокультурный', 'муниципальный', 'футбольный', 'шахматный', 'оздоровительный', 'деревенский']
зелёный|['лёгкое']
русский|['народный', 'театральный', 'национальный', 'православный', 'литературный', 'духовный', 'военный', 'футбольный', 'мемориальный', 'полярный', 'жестовый', 'географический', 'классический', 'поэтический', 'храмовый', 'кругосветный', 'классическуюсовременный']
медицинский|['паллиативный', 'адресный']
сетевой|['профессиональный', 'профориентационный', 'исследовательский', 'кинообразовательный', 'проектноисследовательский']
школьный|['детский', 'молодёжный', 'образовательный', 'спортивный', 'экологический', 'цифровой', 'трудовой', 'художественный', 'проектный', 'футбольный', 'научнопопулярный', 'хоккейный', 'баскетбольный', 'волейбольный', 'конструкторский', 'внеурочный', 'внешкольный']
мой|['новый', 'семейный', 'спортивный', 'первый', 'профессиональный', 'казачий', 'хороший', 'безопасный', 'будущий', 'самый', 'позитивный', 'личный', 'любимый', 'крутой', 'лошадиный', 'отчий', 'обьиртыший']
предпрофессиональный|[]
самый|['спортивный', 'хороший', 'маленький', 'важный', 'незащищённый', 'дружный', 'западный', 'быстрый']
сам|['молодой', 'здоровый', 'северный', 'швейный', 'инженерный', 'важный', 'столярный', 'западный', 'клубный', 'богатый']
белгородский|['государственный']
современный|['социальный', 'молодёжный', 'спортивный', 'творческий', 'сельский', 'доступный', 'адаптивный', 'цифровой', 'эффективный', 'социокультурный', 'традиционный', 'уличный', 'уральский', 'этнокультурный', 'компьютерный', 'удмуртский', 'морской', 'церковный', 'изобразительный', 'популярный', 'эстрадный', 'побратимский']
котучёный|[]
семейный|['инклюзивный', 'спортивный', 'творческий', 'ресурсный', 'экологический', 'правовой', 'интерактивный', 'театральный', 'музыкальный', 'приёмный', 'православный', 'интеллектуальный', 'туристический', 'выходной', 'водный', 'конный', 'досуговый', 'книжный', 'кукольный', 'консультативный', 'социальнообразовательный', 'лыжный', 'спортивнодосуговый', 'палаточный', 'воскресный', 'кулинарный', 'интерактивнопознавательный', 'театральномузыкальный', 'приемныеправовой']
ранний|['детский', 'комплексный', 'профессиональный', 'физический', 'медицинский', 'психологопедагогический', 'дошкольный', 'коррекционный', 'непрерывный', 'превентивный']
самостоятельный|[]
мамин|[]
военноспортивный|['патриотический']
смаглеевский|[]
средний|['профессиональный', 'общеобразовательный']
гвардейский|['стрелковый']
иловайский|[]
московский|['международный', 'городской', 'волонтёрский', 'проектный', 'областной', 'джазовый', 'епархиальный', 'клинический', 'коломенский', 'скорбященский']
екатеринбургский|[]
незрячий|['социокультурный', 'слабовидящий']
лечебный|['физический', 'верховой']
низкопороговый|['социальный', 'консультационный']
профессиональный|['комплексный', 'образовательный', 'творческий', 'психологический', 'ранний', 'приёмный', 'юридический', 'медикосоциальный', 'социальнобытовый']
разный|['равный', 'возрастной', 'детиравный', 'мыравный']
саратовский|['областной']
студенческий|['молодёжный', 'образовательный', 'экологический', 'школьный', 'медицинский', 'проектный', 'научный', 'технологический', 'футбольный', 'архитектурный', 'парусный', 'спасательный', 'полевой', 'сервисный', 'спелеологический']
нужный|['весь', 'наш', 'живой', 'каждый', 'сильный', 'счастливый', 'пожарный']
летний|['детский', 'молодёжный', 'семейный', 'творческий', 'театральный', 'казачий', 'выездной', 'научный', 'туристический', 'досуговый', 'танцевальный', 'оздоровительный', 'профильный', 'археологический', 'учебнотренировочный', 'информационнообразовательный', 'научнообразовательный', 'осенний', 'каспийский', 'загородный', 'образовательновоспитательный', 'читальный', 'физкультурнотанцевальный', 'оборонноспортивный']
уральский|['современный', 'летний', 'сибирский', 'федеральный', 'химический', 'индустриальный']
краеведческий|['наш', 'экологический', 'исторический', 'патриотический', 'настольный', 'туристский']
цифровой|['образовательный', 'профориентационный', 'музейный', 'дистанционный', 'финансовый', 'пилотный']
приволжский|['федеральный']
непрерывный|['медицинский', 'реабилитационный', 'дистанционный', 'дополнительный', 'социальнопедагогический']
патронажный|['паллиативный']
полезный|['безопасный', 'дорожный']
ментальный|['физический', 'другой', 'психический', 'множественный', 'сенсорный', 'психофизический', 'поведенческий', 'неврологический']
ученический|[]
мемориальный|['памятный']
уникальный|['научный', 'креативный', 'природный', 'соответствующий', 'археологоэтнографический', 'реликтовый']
узкоколейный|['железный']
удалённый|[]
больший|['благотворительный', 'музейный', 'маленький', 'карельский', 'юнармейский', 'колымский']
сибирский|['экологический', 'музыкальный', 'казачий', 'федеральный', 'связующий', 'кедровый', 'купеческий', 'оборонительный', 'декоративный']
среднее|['профессиональный', 'школьный', 'медицинский']
безграничный|[]
архангельский|[]
спортивный|['молодёжный', 'здоровый', 'образовательный', 'сельский', 'летний', 'патриотический', 'казачий', 'туристический', 'выходной', 'конный', 'зимний', 'оздоровительный', 'тренажёрный', 'скандинавский', 'пешеходный', 'детскоподростковый', 'октябрьский', 'дерзкий', 'интеллектуальнологический', 'дворздоровый']
мывсеразвный|['мотивационный']
областной|['детский', 'молодёжный', 'образовательный', 'творческий', 'благотворительный', 'музыкальный', 'межнациональный', 'информационнотуристический']
левашовский|[]
сестринский|['паллиативный']
хоровой|[]
парковый|['всероссийский']
первый|['инклюзивный', 'международный', 'молодёжный', 'всероссийский', 'русский', 'открытый', 'сельский', 'общественный', 'экологический', 'региональный', 'межрегиональный', 'равный', 'городской', 'национальный', 'женский', 'областной', 'республиканский', 'уникальный', 'мировой', 'районный', 'ежедневный', 'полнометражный', 'симфонический', 'специализированный', 'доврачебный', 'официальный', 'наклонный', 'ветряный']
туристический|['молодёжный']
пеший|['водный']
многофункциональный|['инклюзивный', 'семейный', 'творческий', 'общественный', 'информационный', 'добровольческий', 'коммуникативный', 'негосударственный', 'телемедицинский', 'всесезонный']
юридический|['психологический', 'правовой', 'бухгалтерский', 'информационнокоммуникационный']
страшный|[]
пожилой|['активный', 'тяжелобольной', 'маломобильный']
туристскокраеведческий|[]
патриотический|['социальный', 'трудовой', 'просветительский', 'профориентационный', 'военноспортивный', 'нравственный']
учебный|['социальный', 'швейный', 'поисковый', 'стажировочный', 'поисковоисследовательский', 'военнополевый']
ремесленный|[]
онкобольной|['близкий']
лежачий|['больной']
системный|['комплексный', 'волонтёрский']
карельский|[]
армейский|['рукопашный']
коренной|['малочисленный']
сочинский|['городской']
открытый|['социальный', 'инклюзивный', 'детский', 'международный', 'молодёжный', 'образовательный', 'спортивный', 'весь', 'всероссийский', 'творческий', 'региональный', 'межрегиональный', 'исторический', 'интерактивный', 'городской', 'российский', 'музыкальный', 'информационный', 'литературный', 'музейный', 'московский', 'многофункциональный', 'танцевальный', 'исследовательский', 'шахматный', 'евразийский', 'математический', 'краевой', 'хоровой', 'данные', 'генетический', 'коммуникационный', 'интегративный', 'межпоселенческий', 'генеалогический', 'межмуниципальный']
отечественный|['второй', 'авторский']
территориальный|['общественный']
профильный|['образовательный', 'региональный', 'межрегиональный']
волонтёрский|['творческий', 'межрегиональный', 'трудовой', 'организационный', 'пр', 'ярыгинский']
экологический|['социальный', 'волонтёрский', 'некоммерческий', 'добровольческий', 'туристический', 'практический', 'социальнообразовательный', 'мультипликационный', 'языковой', 'природоохранный']
срочный|['социальный', 'адресный', 'низкопороговый']
дополнительный|['образовательный', 'профессиональный', 'юридический', 'математический']
важный|['весь', 'каждый', 'репродуктивный', 'личностный']
брянский|[]
физкультурноспортивный|[]
ресурсный|['информационнопросветительский', 'учебнометодический', 'информационнокраеведческий']
успешный|['российский', 'будущий']
иловкий|[]
алексеевский|['городской']
хороший|['здоровый', 'домашний', 'социокультурный', 'начальный', 'научнопопулярный', 'социальноэкономический', 'возможный']
некоммерческий|['инклюзивный', 'образовательный', 'государственный', 'социальнореабилитационный', 'жилищный']
полнометражный|['художественный']
серпиевский|[]
беременная|['один', 'самарский', 'одинокий']
гестационный|[]
слепой|['слабовидящий']
поособый|[]
доступный|['инклюзивный', 'детский', 'спортивный', 'весь', 'творческий', 'каждый', 'правовой', 'адаптивный', 'ранний', 'медицинский', 'юридический', 'эффективный', 'реабилитационный', 'дополнительный', 'конный', 'полезный', 'дворовый', 'социальноправовой', 'низкопороговый', 'парусный', 'повседневный']
орловский|[]
городской|['инклюзивный', 'детский', 'спортивный', 'исторический', 'школьный', 'благотворительный', 'гуманитарный', 'военнопатриотический', 'технический', 'зелёный', 'креативный', 'маломобильный', 'научнотехнический', 'командный', 'средний', 'клинический', 'кулинарный', 'общедоступный']
главный|['весь']
межрайонный|['ресурсный', 'реабилитационнопрофориентационный']
дальний|['шлюпочный', 'печальный']
федеральный|['студенческий', 'дистанционный', 'горячий']
досудебный|[]
духовный|['образовательный', 'творческий', 'культурный', 'физический', 'нематериальный', 'культурнонравственный']
негосударственный|['детский', 'бесплатный']
такой|['какой']
деревянный|[]
речевой|['эмоциональный']
особенный|['образовательный']
женский|['традиционный', 'реабилитационный', 'лыжный']
ультраредкий|[]
прикладной|['творческий', 'экологический']
вологодский|['государственный']
катавивановский|[]
бытовой|['социальный']
черноморский|['детский']
онкологический|['другой', 'гематологический']
систематический|[]
второй|['всероссийский', 'межрегиональный', 'российский', 'научный', 'дистанционный', 'республиканский', 'саратовский', 'мировой', 'ударный']
неблагоприятный|['экологический', 'эпидемиологический']
межнациональный|['спортивный', 'региональный', 'студенческий', 'исследовательский', 'межрелигиозный', 'диалоговый', 'военноприкладный', 'межконфессиональный', 'культурнотуристический', 'бальный']
мультимодальный|[]
ненецкий|[]
экспозиционный|[]
интеллектуальный|['культурный', 'физический', 'настольный']
иностранный|[]
гурьевский|[]
междисциплинарный|['полилингвальный', 'инновационноприкладный']
историкогеографический|[]
святой|['великий', 'наш', 'праведный']
культурный|['молодёжный', 'общественный', 'благотворительный', 'природный', 'экономический']
здоровый|['здоровый', 'образовательный', 'доступный', 'активный', 'сильный', 'счастливый', 'безопасный', 'полноценный', 'трезвый', 'грамотный', 'мудрый', 'смеххороший', 'детисчастливый']
культурнообразовательный|['патриотический', 'тематический']
эффективный|['общественный', 'ранний', 'трудовой', 'медицинский', 'добровольческий']
приёмный|['инклюзивный', 'родный', 'многодетный', 'кровный', 'опекунский']
экспедиционный|[]
заречный|['пензенский']
ответственный|['гуманный']
аганский|[]
готовый|[]
нематериальный|[]
передвижной|['инклюзивный', 'живой', 'межрегиональный', 'интерактивный', 'музейный', 'этнографический', 'выставочный', 'историколитературный', 'модульный']
скорый|['социальный', 'цифровой', 'родительский']
благовещенский|[]
уверенный|[]
научнотехнический|['системноинженерный']
интеграционный|['межрегиональный']
командный|['межвузовский']
северокавказский|['ресурсный', 'федеральный']
наш|['спортивный', 'свой', 'сильный', 'хороший', 'особенный', 'военный', 'общий', 'тёплый', 'дружный', 'любимый', 'годысоциальный', 'устьтаркский']
гармоничный|['психологический', 'духовный']
третий|['всероссийский', 'российский', 'спортивнопатриотический', 'сочинский']
редкий|['полярный', 'генетический']
чистый|['городздоровый', 'питьевой', 'игрычистый', 'грибной']
образовательновоспитательный|[]
растениеводческий|[]
способный|['мотивированный']
предпринимательский|['социальный', 'лидерский']
нурлатский|[]
сольный|[]
фольклорный|[]
твой|['первый', 'активный', 'родный', 'безграничный', 'личный', 'последний']
олимпийский|[]
союзный|[]
малобюджетный|['спортивный']
тёсовский|['историкотехнический']
многоликий|[]
языковой|['детскоюношеский']
инновационный|['инклюзивный', 'образовательный', 'творческий', 'интерактивный', 'цифровой', 'проектный', 'реабилитационный', 'пилотный', 'междисциплинарный', 'аудиотактильный', 'камерный', 'реабилитационнообразовательный']
начальный|['профессиональный', 'общий', 'туристский', 'средний', 'основный']
кукольный|['синтетический']
древнерусский|['книжный', 'старообрядческий', 'церковный', 'певческий', 'лицевой']
кириллический|[]
седьмой|['всероссийский']
кавказский|['математический']
алтайский|[]
этнокультурный|['исторический', 'летний', 'языковой']
мирный|[]
тамбовский|[]
сервисный|[]
регулярный|['безвозмездный']
муниципальный|['образовательный', 'информационноресурсный']
уфимский|[]
арктический|['региональный']
брюховецкий|[]
станичный|[]
значимый|['благотворительный']
неизвестный|[]
ценный|[]
военноисторический|['интерактивный', 'музейный', 'поисковый']
массовый|['детский', 'молодёжный', 'спортивный', 'любительский', 'командный']
энгельсский|[]
социальноэкологический|[]
полилингвальный|[]
осознанный|[]
зрелый|[]
качественный|['социальный', 'физический', 'офтальмологический']
легендарный|['русский']
младший|['школьный', 'средний']
всемирный|['русский', 'просветительский', 'скаутский']
ландшафтный|[]
дошкольный|['образовательный', 'школьный', 'общеобразовательный', 'младший']
художественный|['декоративноприкладный', 'керамический', 'ритмический']
деревенский|['выходной']
святовознесенский|[]
стихийный|[]
многопрофильный|['детский', 'выездной', 'круглогодичный']
универсальный|['спортивный', 'междисциплинарный']
виртуальный|['школьный', 'концертный']
природный|['бытовой']
долгосрочный|['социальный', 'устойчивый', 'социальнокультурный', 'научноисследовательский', 'инфраструктурный']
кризисный|['жизненный', 'психологический', 'беременная', 'кровный', 'посткризисный']
архитектурный|['исторический']
настоящий|['родный']
оптический|[]
активный|['социальный', 'спортивный', 'творческий', 'жизненный', 'мой', 'сельский', 'гражданский', 'познавательный', 'мудрый', 'ямальский']
театральный|['социальный', 'семейный', 'выходной', 'тихий']
психический|['социальный', 'умственный']
чрезвычайный|[]
межпредметный|[]
яркий|[]
неполный|[]
младенческий|[]
омский|['музыкальный', 'стрелковый']
дружелюбный|[]
южный|['федеральный']
компетентный|['родительский']
дистанционный|['социальный', 'психологический', 'мобильный', 'информационный', 'коррекционный', 'персональный']
информационный|['молодёжный', 'образовательный', 'психологический', 'правовой', 'тот', 'некоммерческий', 'консультационный', 'методический', 'психосоциальный', 'координационный']
высококачественный|[]
ежегодный|['международный', 'всероссийский', 'межрегиональный', 'городской', 'благотворительный', 'инновационный', 'выездной', 'традиционный', 'детскоюношеский', 'физкультурноспортивный']
близкий|['современный', 'равный', 'бесплатный', 'неизлечимый']
паллиативный|['медицинский', 'больной', 'патронажный']
естественнонаучный|[]
бездомный|['престарелый']
практический|['молодёжный', 'школьный', 'инженерный', 'нравственный', 'природоохранный']
калининский|[]
тот|['здоровый', 'счастливый', 'самый', 'урянхайскотувинский']
вечерний|[]
подростковый|['молодёжный', 'профилактический', 'юношеский', 'проблемный', 'аудитый']
исторический|['культурный', 'практический', 'археологический', 'анимационный', 'терапевтический', 'узкоколейный', 'автомобильный']
общероссийский|['мемориальный', 'соревновательный']
комфортный|['городской', 'безопасный', 'педагогический', 'визуальный']
научнопросветительский|['публицистический']
большой|['детский', 'образовательный', 'литературный', 'математический', 'севастопольский', 'судачий']
кежемский|['матёрый']
единственный|[]
адаптационный|['коммуникативный']
методический|['образовательный', 'консультационный', 'консультативный', 'организационнотехнический']
российскобелорусский|[]
историкофилологический|[]
безопасный|['социальный', 'полезный', 'поведенческий']
ограниченный|['ментальный', 'физический', 'финансовый', 'возмый']
юный|['социальный', 'молодой', 'пожарный', 'мемориальный']
пожарный|['хабаровский', 'спасательный']
межличностный|[]
долгожданный|[]
связанный|['профессиональный']
самарский|['лесной']
один|['комплексный', 'весь', 'всероссийский', 'твой', 'эффективный', 'социальнопсихологический', 'основный']
бизибордовый|[]
сильный|['добрый', 'умный']
купеческий|[]
западный|[]
регбийный|[]
просветительский|['детский', 'образовательный', 'экологический', 'исторический', 'городской', 'историкокультурный', 'выставочный', 'правозащитный']
гиревой|[]
талантливый|[]
ветеранский|[]
внесудебный|[]
историкокраеведческий|['спортивный']
краевой|['молодёжный', 'семейный', 'открытый', 'межнациональный']
собственный|[]
историкоархивный|[]
народный|['казачий', 'художественный', 'духовный', 'военноисторический', 'настольный', 'домовый']
личный|['семейный']
поисковый|['студенческий']
артезианский|['археологический']
одноимённый|[]
лосихинский|[]
многодетный|['малообеспеченный', 'кровный', 'неполный']
эстрадный|['вокальный']
cоциальнообразовательный|['туристический']
коллективный|['творческий', 'сетевой']
олимпиадный|[]
севастопольский|['международный', 'благотворительный']
историкопатриотический|['молодёжный', 'образовательный', 'просветительский', 'легкоатлетический']
туристский|[]
основный|['жизненный', 'глухой', 'профилактический']
российсконемецкий|['детский']
дудинский|[]
необходимый|['повседневный']
антинаркотический|['волонтёрский']
камнерезный|[]
подопечный|[]
университетский|[]
далёкий|['близкий', 'прошлый']
хантымансийский|['автономный']
биполярный|[]
учебноэкологический|[]
советский|['городской', 'российский', 'инновационный', 'монгольский']
национальный|['открытый', 'региональный', 'театральный', 'музыкальный', 'документальный', 'телевизионный', 'технологический', 'эвенкийский', 'хантыйский']
калининградский|[]
культурнопросветительский|['досуговый']
музыкальнообразовательный|[]
исследовательский|['проектный', 'математический', 'естественнонаучный', 'издательский']
ставропольский|[]
счастливый|['здоровый', 'тот', 'горячий']
новаторский|[]
познавательновоспитательный|[]
инклюзивнооздоровительный|[]
общенациональный|['просветительский', 'проектный']
слабовидящий|['слепой']
выходной|['весь']
родный|['тот', 'государственный', 'необходимый']
сурский|['казанский']
невинномысский|[]
беспилотный|['летательный']
информационнопросветительский|['социальный', 'образовательный', 'досуговый']
любительский|['театральный', 'студенческий', 'лыжнобиатлонный']
специализированный|['технический', 'тренажёрный']
водный|[]
гражданский|[]
местный|[]
заполярный|[]
мировой|['культурный', 'немецкий']
устойчивый|['правовой']
тверской|[]
ярославский|[]
трехступенчатый|[]
профилактический|['социальный', 'просветительский']
ростовский|[]
социокультурный|['спортивный', 'сельский', 'мобильный']
научнопопулярный|['образовательный']
устьтаркский|[]
особый|['образовательный', 'творческий']
степной|[]
всеволожский|[]
двигательный|['ментальный', 'множественный']
юбилейный|['международный', 'всероссийский', 'военноисторический', 'спортивноисторический']
мелкий|[]
ортезистовый|[]
консультационный|['психологический', 'информационный', 'методический']
преображенский|[]
окружный|['патриотический', 'стратегический']
лихачевский|[]
свободный|[]
музейновыставочный|[]
иной|[]
непсихиатрический|[]
соломбальский|[]
тульский|['детский', 'областной', 'морской']
социальнопедагогический|[]
хрупкий|[]
зауральский|[]
байкальский|['заповедный']
аудиовизуальный|[]
временной|[]
реабилитационный|['творческий', 'туристический']
шебекинский|[]
грамотный|[]
козловый|[]
библиотечный|[]
стоковый|[]
садоводческий|[]
огороднический|[]
смышляевский|[]
чистопольский|[]
святоуспенский|['мужской']
однодневный|[]
оздоровительноэкскурсионный|[]
спасский|['женский']
игровой|['спортивный', 'любительский']
якорный|[]
компьютерный|['правовой']
пятый|['кавказский']
глубокий|[]
познавательный|['экологический', 'патриотический', 'иллюстративный']
неработающий|[]
амурский|[]
созависимый|[]
независимый|['литературный']
государственный|['социальный', 'исторический', 'художественный', 'негосударственный']
ялтинский|[]
интенсивный|['образовательный', 'учебный', 'долгосрочный']
весёлый|[]
общительный|[]
публичный|['общественный']
научнотехнологический|[]
короткометражный|[]
спинальный|['мышечный']
природоохранный|['научный']
лингвокультурный|[]
краснодарский|[]
социальнореабилитационный|[]
культурноразвлекательный|[]
оздоровительный|['этнокультурный', 'верховой', 'восточный']
физкультурнооздоровительный|[]
сереброзубый|[]
лицейский|[]
бесконфликтный|[]
казанский|[]
малообеспеченный|['многодетный', 'неблагополучный']
малое|[]
русскоязычный|['зарубежный']
научный|['образовательный', 'конструкторский']
памятный|[]
будущий|['профессиональный', 'арктический']
инфраструктурный|[]
нижегородский|['областной', 'ростовский', 'епархиальный', 'крестовоздвиженский']
двухдневный|[]
проектный|['инженернотехнический']
круглосуточный|[]
различный|['спортивный', 'жизненный']
трагичный|[]
достойный|['свой']
финноугорский|[]
нескучный|[]
наклонный|[]
эмоциональный|['социальный', 'психологический', 'профессиональный']
лаишевский|[]
могучий|[]
полевой|['военноспортивный']
ваш|[]
экспериментальный|['образовательный', 'художественный']
данные|['междисциплинарный']
финансовый|['информационный']
разноформатный|[]
централизованный|[]
зимний|['сельский', 'научный', 'бардовский', 'пущинский']
иркутский|['региональный', 'проектный', 'государственный']
молодой|['многодетный', 'авторский', 'оперный', 'зарубежный', 'профсоюзный']
какой|[]
поморский|[]
информационноправовой|['ресурсный']
кореновский|[]
кизильский|[]
симеоноанненский|[]
масштабный|[]
светский|[]
тренировочный|[]
еврейский|['автономный']
драматический|['репертуарный']
репертуарный|['молодёжный']
ремесленнофольклорный|[]
маленький|['большой']
безбарьерный|['игровой']
выраженный|['ментальный']
мультимедийный|['образовательный', 'интерактивный', 'информационный']
старинный|['народный']
органический|['сельский']
карательный|[]
президентский|[]
равный|['равный', 'разный', 'конный', 'стартовый']
профориентационный|['инклюзивный', 'образовательный', 'учебный', 'консультативный', 'палаточный']
опасный|[]
досуговый|['инклюзивный', 'спортивный', 'дневный']
тутаевский|[]
славный|[]
музыкальный|['просветительский', 'телевизионный', 'историкопросветительский', 'кукольный', 'исполнительский']
девятый|[]
поисковоисследовательский|[]
ведущий|['городской', 'игровой']
этнографический|['образовательный', 'музейнообразовательный']
дальневосточный|[]
богатырский|['наш']
родимый|[]
нейропсихологический|[]
верующий|[]
якутский|['национальный', 'родный', 'республиканский', 'чайный']
авторский|['отечественный']
есенинский|[]
тувинский|['народный']
конный|[]
психоэмоциональный|[]
тяжелобольной|['маломобильный']
навагинский|[]
хуторской|[]
образцовый|[]
коррекционный|[]
пенсионный|['предпенсионный']
альтернативный|['гражданский', 'дополнительный']
неблагополучный|[]
инженерный|['проектный']
амбулаторный|[]
вещевой|['профориентационный']
терапевтический|[]
апшеронский|[]
наркозависимый|['молодой', 'сумароковый']
аддиктивный|['коаддиктивный']
кровный|['приёмный']
психологопедагогический|[]
духовнопсихологический|['социальный']
находщийся|[]
бюджетный|[]
долговременный|[]
северозападный|[]
альфаэндо|[]
маломобильный|[]
соматический|[]
неравнодушный|[]
обслуживающий|[]
химиоиммуносупрессивный|[]
алкогольный|['наркотический']
оперативный|['выездной']
социальноправовой|['психологический']
уличный|['здоровый', 'тренажёрный']
спортивнопатриотический|['профориентационный']
морской|['молодёжный', 'русский', 'императорский']
спортивнореабилитационный|[]
историкокультурный|['выставочный']
курильский|[]
можайский|[]
общешкольный|[]
позитивный|[]
калужский|[]
калугаголосый|[]
популярный|[]
евразийский|['экономический', 'дипломатический']
санктпетербургский|['межрегиональный', 'благотворительный']
хамнейский|[]
трезвый|[]
стрелковый|[]
множественный|['тяжёлый']
боевой|[]
посбелорусский|[]
крестовоздвиженский|[]
забытый|['забытый']
тарский|[]
прииртышие|[]
электронный|['архивный']
общий|['психофизический']
прошлый|['настоящий']
кретивный|[]
волжский|['солнечный']
допризывный|[]
инновацинный|[]
когнитивный|[]
рыбинский|[]
аксиньиный|[]
школамастерский|[]
нашенский|[]
военнопатриотический|['спортивный', 'летний', 'волонтёрский', 'казачий', 'фольклорный', 'пограничный']
древний|[]
медикосоциальный|['психологический', 'социальнопсихологический', 'психологопедагогический']
опорный|['двигательный']
детскомолодёжный|[]
консультативнореабилитационный|[]
безнадзорный|[]
конкурсный|[]
круглогодичный|['спортивный']
эфирный|[]
соответствующий|[]
рекреационный|['защитный']
просвещённый|[]
быстрый|['ловкий']
автоматический|[]
епархиальный|['детскоюношеский', 'александроневский', 'гуманитарнопросветительский']
сценарный|[]
высокий|['социальный', 'миграционный']
новодвинский|[]
кушвинский|[]
краткосрочный|[]
умственный|[]
отдельный|[]
модульный|[]
златоустовский|[]
межведомственный|['межтерриториальный']
условноосужденный|[]
зенинский|[]
варнавинский|[]
районный|['ресурсный']
волотовый|[]
определённый|[]
музейный|['интерактивный']
живой|['вечный']
мужской|['певческий', 'подземный']
курский|['просветительский']
престарелый|[]
криворожий|[]
сенсорный|[]
георгиевский|[]
одиннадцатый|[]
ловкий|[]
большеудаловский|[]
таганрогский|[]
чкаловский|[]
дерзкий|[]
отличный|[]
пилотный|[]
чёрный|[]
знакомый|[]
северопечорский|[]
российскоказахстанский|['молодёжный']
локальный|['культурный']
дореволюционный|[]
углублённый|[]
невидимый|[]
научноисследовательский|['проектный']
общецерковный|[]
ульяновский|[]
крымский|['музеологический']
тактильный|[]
наркотический|[]
татарский|[]
четвёртый|['всероссийский']
краснояружский|[]
каменскеуральский|[]
научнопрактический|[]
экопросветительский|[]
челябинский|[]
анимационный|[]
бессмертный|[]
воскресный|[]
кратковременный|[]
социальнокультурный|[]
музыкальнохоровый|[]
еженедельный|['бесплатный']
музейнообразовательный|[]
событийный|['исторический']
светлый|[]
пудожский|[]
телемедицинский|['облачный']
постстационарный|[]
калмыцкий|[]
книжный|[]
погибший|['живой']
корпоративный|['социальный']
проактивный|[]
новооскольский|[]
документальный|['музейный', 'телевизионный']
судачий|[]
башкирский|[]
духовнонравственный|['патриотический']
культурноисторический|['военнопатриотический', 'природный']
эстетический|[]
известный|['неизвестный']
малоимущий|[]
восстановимый|[]
былой|[]
хариный|[]
духовнопросветительский|['мультимедийный']
десятый|[]
петропавловсккамчатский|[]
действуещий|[]
мастеровой|[]
милостивый|[]
этический|[]
сверхлёгкий|[]
авиационный|[]
фронтовой|[]
деловой|[]
голубиный|[]
псковский|['областной']
мыравный|[]
каменскуральский|[]
острый|[]
югорский|[]
детскоподростковый|[]
персональный|[]
крытый|[]
старый|['новый']
межсекторный|[]
последующий|['льготный']
сыктывдинский|[]
российскогерманский|[]
постоянный|[]
миасский|[]
финский|[]
годовой|[]
тринадцатый|[]
оренбургский|[]
восьмой|[]
общегородской|[]
гуманный|[]
шестой|[]
кадровый|[]
повседневный|[]
межкультурный|[]
тематический|['ресурсный']
этноэкологический|[]
телевизионный|['документальный']
загородный|['профильный', 'интенсивный']
тишанский|[]
гражданскопатриотический|[]
керамический|[]
превентивный|[]
сосновский|[]
волгоградский|[]
мудрый|[]
органный|[]
литературноисторический|[]
финальный|[]
льготный|[]
актуальный|[]
зависимый|[]
вятский|[]
незащищённый|[]
прекрасный|[]
историкодокументальный|[]
святотроицкий|[]
холковский|[]
грудничковый|[]
моральнонравственный|[]
домашний|[]
продуктивный|[]
россошанский|[]
интегративный|['культурноисторический']
интернациональный|[]
всеобщий|[]
ирафский|[]
дигорский|[]
классный|[]
всесезонный|[]
межрелигиозный|[]
общественнополезный|[]
кронштадский|[]
семикаракорский|[]
украинский|[]
начинающий|[]
общепоселковый|[]
покровский|[]
физикотехнический|[]
чаяновый|[]
литературнокраеведческий|[]
российскофранцузский|[]
толерантный|[]
новгородский|[]
ежедневный|[]
дневный|[]
стационарный|[]
морозовский|[]
строевой|[]
полноценный|[]
академический|[]
тёплый|[]
ивановский|[]
психофизический|[]
войлочный|[]
равнодоступный|[]
длительный|[]
плохой|[]
чукотский|[]
портретный|[]
невозможный|[]
естественный|[]
недирективный|[]
палаточный|[]
